,0,1,2,3,4,5,6,7,8,9,10,11,12,13,14,15,16,17,18,19,20,21,22,23,24,25,26,27,28,29,30,31,32,33,34,35,36,37,38,39,40,41,42,43,44,45,46,47,48,49,50,51,52,53,54,55,56,57,58,59,60,61,62,63,64,65,66,67,68,69,70,71,72,73,74,75,76,77,78,79,80,81,82,83,84,85,86,87,88,89,90,91,92,93,94,95,96,97,98,99
0,0.5247646005381201,0.6946240854405926,1.202552775698107,-0.044470100572759755,-0.07519292580768562,0.2648091936733185,-0.7216861829916107,0.779815840274469,0.1619154014539219,0.6324976746715885,0.07249816894850274,0.22077648898526014,-0.5484934025653672,-0.0807649534159236,0.05886209542524829,0.17930310178100803,-0.1469366653738383,0.39346184633148074,-0.45053541321057267,-0.03823141794402149,-0.1352264190682159,-0.5199799491390688,-0.5262267078900184,-0.34727540020760006,0.06415221899873,-0.1873341557498479,-0.12426400470761902,0.008671694897551834,0.08766452967435132,-0.3877167334790282,-0.09769370072242539,0.17915048266246,-0.11328535839590664,0.11421719517835471,0.0186958006960398,-0.1833364655478507,-0.03870849456786497,-0.10544669795126606,0.38351803046192223,0.05287550737113976,-0.10062327064644899,0.08780953631880108,0.24739037438341716,-0.14003097002919848,0.03321968272297621,-0.09213290488663144,-0.3311227327863935,-0.012892486987160234,0.19363813590125245,-0.09534988934778175,0.09330172859455237,0.2373333422056929,-0.2111576970209366,-0.0021692011406664077,-0.04625404344742998,-0.1287853472514629,-0.10538241053477355,-0.16005252333822828,-0.22720647097844934,0.08682897822799687,0.11245212317173334,0.07706961702955573,-0.07021177043213932,0.04842575100783895,0.026197861322613838,0.11366444832575698,0.08050524908853193,0.08192663401993631,-0.0023322923282529367,0.09892365315853363,-0.05455383146025519,0.061618674984152265,0.05692942662336409,0.17437998412224479,0.14965998388877408,0.10550416278998279,-0.036621055337000295,0.04666511923884632,-0.14894753430626828,0.07840865973507785,-0.041893119468107386,0.034688776008890185,-0.06512996593888846,-0.15349003638658695,0.14618811554165387,0.03540328705556207,0.04172163560268343,-0.14752036769753785,0.08960102014141817,-0.008169025913172737,-0.06844008413423354,0.09075241825246896,0.01789388032140378,0.03618074510484741,0.10889016819639552,-0.13703458838046073,0.09210346386655786,-0.12776852413350087,-0.1497146531557399,0.0010895586232416868
1,0.7603110859890353,-1.0273919801048172,0.607628957201908,-1.0892602835519185,1.2184224590414723,-0.6826235284018648,0.42199093230669693,0.3617754231759375,-0.23566009666163615,0.8184118233928863,-0.030176166323943616,-0.03459231492253736,-0.6488643397286676,-1.105718761968969,2.1326107212302783,-0.1555840044484931,-0.8126879546310599,1.2912749092398772,0.13816265931025795,0.3556799052095127,-0.46735856365891326,-0.4494831135492312,0.05659154061071919,1.2183112573226378,-0.18259460457578344,0.24135705586510336,0.5017030224473626,-0.45401924585370834,0.7691865020972988,0.5253232293259285,0.2018158284895841,0.10194322808185657,0.46610032872163937,-0.25538266649333347,0.313413587139073,0.2691273842642288,0.19116981333533553,-0.0837667979598118,-0.1991598261847122,-0.23333712215920185,-0.18175829234109797,-0.28819740870726984,-0.3981530827558407,0.03315674007834352,-0.018368090055458343,0.13282147332247893,-0.04244259070518514,0.07609183448492461,-0.18426317194313122,0.06257734267939363,-0.04576449543029493,0.10379536274268694,0.20862770034165432,0.09421235016395428,0.32068759963845217,0.42300142079749964,0.46687274738751317,-0.3839136576628083,0.17258078319571876,-0.7034740272540915,-0.3632776220697187,-0.1713591209771757,0.07822172419672618,0.06298828378971415,0.18958357632710482,-0.048508464173746026,0.35672599095080504,0.1586492652114221,-0.13987614551077127,0.1757444163829851,-0.004122392122002023,-0.08820724586257388,-0.2115760777047884,0.1733356573853011,0.37026967371578945,-0.020758973789056112,0.007940955758390243,0.5057606784554514,-0.14215930682805586,-0.16384263818487896,-0.19319377549769667,-0.009656439843958814,-0.28260433660230017,-0.05944191901323694,0.06910201667609615,-0.29497027168475,0.11052951531774506,-0.08293184285817796,0.23641667507249567,-0.10966339511617908,0.028009026267576672,-0.1844420292510148,0.21690691909171028,0.17312745325787918,-0.15030702401660762,-0.2591467307434988,-0.04681976634918743,0.15422310981276838,-0.368085657899141,-0.20832181864940452
2,-2.9231774150192633,1.9890721209610762,2.550896014556308,-1.794869039837419,-0.3411736784862413,0.8185007564329739,1.4779890292085307,-0.5853595155505683,-1.1292129804751423,0.44955123825862625,1.2271297921246778,0.8334487900896475,0.26197539106918377,-0.5801895107861487,0.13518317271787506,-0.08550627788113947,-0.7446296839536145,-0.5549681601905407,0.0853772836600339,0.2035254532934828,0.3136537828408292,0.15630626820206986,-0.5226799967606848,0.4981764683560644,-0.14199858345087096,0.016254843017325032,0.3252672780971234,0.07132229877760167,-0.18526266835678165,-0.2695971325495963,0.40097487626582895,0.14184905574998835,-0.07765938391931218,-0.26752322685478974,-0.06752174646413191,0.06345959208706521,0.03360302893970909,-0.26138056822014577,0.07344785791446339,-0.41830882107489076,-0.07045755559539262,-0.14488277022951396,-0.1242629620045059,-0.2831436777074317,-0.2481839289321038,-0.06828943639294575,-0.09548099540393801,-0.10467299348333492,0.11256376805149745,-0.09672466841938364,0.42509551782371036,-0.1631652572473576,-0.014462547835021591,0.23824551729956917,-0.28398514553223597,0.0011332443827980084,0.06909497529504434,-0.1575025209796464,-0.2962652706168799,0.16493988769228887,0.07603542223211043,0.1139331308404294,0.17721906064238613,-0.08932966977614687,-0.1846487995561109,-0.040403700818901274,0.006061685185272675,0.15689745708795366,-0.03115111314436779,0.043533710429053844,-0.16029867398202766,0.05070987175677024,-0.01787265303611442,0.08209313541183501,0.073911042451992,0.004855115448832696,-0.12119654916865638,-0.1042073687675704,0.17125518983524377,0.05215264025141471,-0.07223823805035211,0.033078286875791195,-0.13630952031813645,-0.18704234712741705,0.04556503875590434,-0.03981466770401871,-0.08085841921857789,0.05695247173636103,0.15634125819319256,0.12812970174569266,-0.2934691519963132,0.1391688985076564,0.03806945075101417,-0.18740306922554995,-0.2146925792942548,-0.07586761671077018,0.01969229281292874,0.09408201124949657,-0.025424025640110225,0.2097768967207381
3,-0.3186168475490668,-0.964125590484871,-0.35465503841512785,-0.3501543751006687,-0.4691107542495286,0.6725750210182637,-0.6298387404349984,0.6060979481109116,-0.2772046500076721,-0.6169125915156474,0.43117469581490403,0.45681464535247923,-0.6105183775546208,-0.47146238096868126,-0.31885784927673805,0.5919930311660105,-0.23867270655243214,0.19061291612186385,-0.2841833359148554,0.5651723490738236,0.09072263537146223,0.23032186673300414,-0.08706735978931135,-0.1612683761568463,0.019097290023890722,-0.11928524799127657,0.17952243066687326,-0.1077326814814253,0.18323985438920642,0.11371454275549028,-0.1584232677520934,0.3559129133414409,0.13913556457707116,0.11135813811758323,-0.02021973528733791,0.10503511860805849,0.3815063039602514,-0.10646411642428011,-0.041105578233031285,0.39659578657684585,-0.09376137297079085,0.04048552364539144,-0.28651952418507565,0.1720707166849473,-0.07458518737666882,0.10339326262006406,-0.017051476621260584,-0.10391694751555366,0.012128629934556991,-0.22623704220867547,-0.20854532680929777,0.042947234142931084,0.041974321672308405,-0.17395821171421103,0.0780107866337579,-0.01317454239644843,-0.1255504784839803,0.033329780875782006,0.13472624393920857,0.044621158337592386,0.17715092075717692,0.2124468939267562,-0.051863035902501665,0.0793763739347889,-0.007176474489978963,-0.059983171759028106,0.03184953170717884,0.22386969568406456,-0.06556964643460741,-0.19050208502705931,-0.002293914719501953,-0.05155029405470425,-0.08702149025686015,0.10709216515433806,0.02094054255898493,0.21614549818035325,-0.021914721537247887,0.1435214971530376,-0.1579920567106184,-0.06375080631547385,-0.11533905054735455,-0.03591273461163573,-0.09928335278236272,0.06674433495028916,-0.19264822108851373,-0.08512198911406137,0.010933322802880828,-0.12903953678251986,0.0379036487733341,-0.09108095132664601,-0.07647749018405621,-0.00872825988312697,-0.21696304388065565,-0.03596022522640979,-0.05401725427900632,0.23209623857821332,-0.18311191230245089,0.12850362539126603,-0.08309496606809791,-0.08548311864946415
4,-1.066281653526012,-1.0985229386837492,-0.9955309278855747,0.16718686442175795,-0.4677185528979171,1.0827792574793444,0.03294698408390005,-0.020749957453122407,-0.22450481777056516,-0.9774672630298022,0.689325994849154,0.29345006363962733,-1.0992731853407374,-0.5324914957760225,-0.6653449575240069,0.6566594863511639,-0.24716150305386322,0.7838141474206298,-0.43860016676220337,0.5001856618327054,-0.3686160157656153,0.18140133312871176,-0.2169109217339814,-0.19180755164754867,-0.02583118006505417,-0.3063507181648317,0.06584989078293065,-0.09082381996661065,0.1937782849778313,0.15316149388087086,-0.0007329484188043859,0.1394540109223328,-0.05700253847855666,-0.0686258331904672,0.1306488411299057,0.26584863924580604,0.10169950533829353,0.20817310099926442,0.06330326189375156,0.43036188112367,-0.10262130443377328,0.2764041202687838,-0.11863705973112203,0.05120212815758625,-0.17087296841643357,-0.19475384985034913,-0.1942725170465619,-0.45906981571789335,0.06557203740480445,-0.24618761774800338,-0.30442575198740507,0.2074399903383098,0.03732757309305128,-0.21024264149514407,-0.11998711600509863,-0.05334849613163909,-0.34333378830730293,0.2148121487211127,0.03452629508653091,-0.00895515113892146,0.2240532909609737,0.4109687832215239,0.15958283358304806,0.04631776196303178,-0.024969745539839033,-0.08724514751020078,-0.0395607937513286,0.40868912778461824,0.13412094298308525,-0.21528323492126444,-0.04892563543596235,-0.03388678725513369,-0.06435775370924625,-0.08163090595963131,0.057883412610405006,-0.007635342426681722,-0.4574960037229653,0.10933387678686206,-0.00502964052470545,0.07420841909011117,-0.14592471379888677,-0.3564381957897644,-0.049195127555797094,0.2837487912945881,-0.003774961901044148,-0.0943471875017275,-0.14157478313574517,-0.1843472399905083,-0.07202555846190184,-0.004763408867616391,0.164073896327742,0.3214178745942283,-0.01103441015369458,0.07239098415029482,0.1904902162827756,0.3260340067992889,-0.05315706179038349,0.05279590562398438,-0.006075020729380824,-0.07108983683350747
5,-0.16951969332299224,-1.1276701401851734,-1.4533171058799328,0.08831943785476826,-0.29559973739880757,1.1689031304057387,0.6458200848382932,0.4226125024756321,-0.495180386714249,-0.467252865114296,0.3495761305853797,-0.09952954588255399,-0.8274477246684135,-0.26954714740254926,-0.5510818347741708,0.9345709221174422,-0.5152285963229382,1.1760909703434133,-0.15114514119255437,0.055846839808048755,0.14002264554133192,0.6131578233410473,-0.4197383434227019,0.03197998499695101,-0.11646692517943215,-0.1048346129808366,-0.01511363420514736,-0.31888355469386453,0.13269641711521088,0.12759444227054784,0.22916041297237968,0.2566704481090531,0.11427805959576653,0.06444062955570716,-0.0751193600672917,0.06777176172239928,0.1730728825934598,0.21161931361834194,-0.47163913984037664,0.20373191854082318,-0.08454305180357949,0.10188925286194365,-0.16089162909279184,-0.012375968341692663,-0.05143059952652092,0.1044469272822561,0.056211721434298534,-0.2892151960227384,-0.27825713381434886,-0.31217905162953313,0.4181086499839545,0.20808583668276978,-0.013776930654060545,-0.256245161291062,-0.10745052879395112,-0.11021402495769175,-0.2535790522588588,0.11327614034288654,0.10997539960439127,0.040910670503407645,0.35513598721222156,0.2947812710977672,-0.10875145831765598,0.009003265848326942,-0.12544683011544727,0.09345267950221489,0.0032719654902109204,0.36320206638792973,-0.10618069237624081,-0.24642818072748215,0.043372351698046804,0.14936477773267448,-0.0030662664408742566,-0.31625904081215706,-0.0025316607987269316,0.004552028403941161,-0.25442810666777443,0.08822705895577124,-0.25327987730114127,0.17251973194144193,-0.3223572325737591,-0.11336383929825489,-0.07947503705124936,0.0543100632840526,0.0844719467021156,-0.11678316869683561,0.09520287964664657,-0.2701355753223559,-0.07055522221262718,-0.09432239891237204,0.0819507031977025,0.19611581235615724,-0.05876734964879994,0.016913760587788644,0.33548082760921005,-0.09112889116849944,-0.25385615550447854,-0.08105179797847686,-0.09472335045069656,-0.009645060342052548
6,0.8073238409287999,2.918836312226939,-0.21678854418472893,3.3297648576482883,0.34902269480567255,1.097489157601141,-0.22322031371654313,-0.2680720023047769,1.3308816399189125,0.8553455938802642,0.42287887212030423,1.5099618137169657,-0.8090839993714783,-0.21731504948987396,0.6463379514254151,0.923536896916319,-1.8152374878546702,0.08757861982835007,1.047260055112805,1.071586967815151,-0.19064077780155614,0.17294537520200645,1.0575658660723393,0.020874106876707762,0.010812554195630517,0.17078410140074468,0.8830040475778796,0.2640342419574621,1.0804166783513973,-0.366690323606174,0.35475933324440584,0.8034678838490054,1.1000182515714179,0.6601575641091978,-0.12704942437192301,0.014717138913752677,0.2206607307404481,-1.0080299996076525,0.7187116452646118,-0.03609716405573436,0.04314889652807915,-0.1432975856292369,-0.5957882043756959,0.0034186802536152567,0.32850622005825747,-0.3631308462240603,-0.6555749284723897,-0.36182444306341394,-0.7918805542010526,-0.055397971713224775,-0.17321116824654698,1.3196376090475241,0.5685110142967292,-0.4775909101698852,-0.49479806341987026,0.2738759576357623,0.03535185524816471,-0.4079118506753978,0.5809938545761656,0.5942915279096515,0.2928269203550898,-0.32736063597636583,-0.30888948022954277,0.5160477202424376,-0.7079848424332988,-0.6586417590364029,0.27754332622175887,0.215856162527861,0.8712793562051698,-0.15124870295206347,0.601819249109542,0.23754197477188313,1.1502207102863384,0.2718004615178651,-0.23332719222647452,-1.0605492568777108,-0.9675287570597875,-0.4166790832787927,0.5785410385741457,-0.09025891111689904,-0.17112596482829073,-0.37478332794632613,-0.6898679233063515,-0.12276901616490037,-0.25695004499214646,-0.878981083620444,0.012634867374847784,-0.22561592218611978,0.1101725960444306,0.7027347993291705,0.38418573241446674,0.4120767854380187,0.048309220635947274,0.3214859448663546,-0.1995577650385292,-0.13808841345299996,0.6756721879341487,-0.4588415032894913,-0.7506911860399882,0.17674586042276969
7,-0.011834840691743866,1.304507982823946,3.6131282814243737,0.8493828854333959,0.7070940249328331,1.2521064800187145,-0.49294693919044685,-0.11217173362812806,-0.5953736994924977,-0.08703769216982453,0.18568206538623924,-0.818196546145385,-1.1371541279712483,-1.1520925800432127,0.4611719400572071,-0.9200494897072192,0.7127424423639902,1.9768006898769461,3.5379223732518033,0.19472917777405463,-1.8026886925867438,-1.2078933411059056,-1.3945049800583358,1.235894200921924,1.3809329784421058,-0.021341839942934537,-0.14276309292549286,0.45074519693571286,-0.43108837525371685,-1.1209981550123045,-0.2558609449996505,-0.9059158127988635,1.493961395471192,0.7550460918475426,1.9443296558673173,-0.6802660883054229,0.38194271163778826,-0.1581074626744183,0.15506100481219695,-0.5607317241482599,-1.042504580385862,0.7647346662538052,-0.3067944858630958,1.4566136827862728,1.8426480550953948,-0.7258051834274832,-0.3628407729576431,0.3151214370041506,0.7181532958258651,0.6235639777160392,0.27797280900703475,0.49895683039615946,-0.39131609165831904,-0.5660112676466813,0.03313793312595639,0.37595695151812647,0.43873882213216486,0.6255733717203755,0.4208964744005343,0.3814520962251909,0.12863942584591237,0.4252205242918745,0.00024106481062669168,-1.1942927362361166,-0.17830066323305366,-0.04713679729170557,-0.19200668704206106,1.106056731947664,-1.7021132095721783,-0.3103016493971209,-0.5800600431217658,1.542140849569827,-0.6006949951862727,0.3459238824327599,0.38274095391918694,0.16657882326145526,-0.38333768892376413,0.8587395301036991,-0.4911767514406852,0.7753586722014031,0.05459302053231461,-0.19446805334499245,0.7262911158231464,-0.37584368420853687,-0.23560753545734936,-0.14979543800962333,0.006324810277215745,-1.2745423678914642,-0.9750318331515728,-0.878386420299223,-0.23796932874997032,-1.468933805939994,-0.49513040882946613,-0.21806905781434424,-0.4737090816191191,-0.4608860826506216,-0.3395104951445227,0.0023088963070469447,-1.4098490606725653,0.10014556341797916
8,-1.1401074572965912,-1.4864551517258167,-0.7869418782168762,0.9231989135395363,0.001742428529526159,1.4488792533261639,0.3353858875910671,0.09369535422181943,-0.8232542321524016,-0.6595005461516323,0.011408987199285594,-0.10917505272454647,-1.2009048679082066,-0.24099053759666533,-0.39392244227859285,0.30236323691975675,-0.9142153766215844,0.9589894473165829,-0.36577293181060894,-0.5487893447932545,-0.17993764058036243,0.5907232932865977,0.06314963230908986,0.4964732572611187,0.11472155844163207,-0.1636225773030425,-0.579573983521547,-0.3424175557853652,-0.15255538830827714,0.5088317940295526,-0.27944339441023586,0.40827654083594056,-0.060563008833437446,0.14754355559311766,-0.27296359376646434,0.04327768088781791,0.0606951618403806,0.07247685144960928,-0.15579467225707624,-0.0497765664139589,-0.4267530341252936,0.025638961234397514,0.40479513677896684,0.14933719320847252,-0.3191907742440609,-0.35104590702578947,-0.08774407600891068,-0.32397251105942976,-0.19013601007313946,-0.04910188974268816,-0.1305873125797448,-0.18435104245463468,0.31511734049416645,-0.3930488405066489,-0.32855844368269943,-0.3151418845813049,-0.17409510582242443,-0.15506075755522547,0.1291118670957693,-0.09265634014510546,0.3891052181422603,0.4131320448590709,0.14549979075536165,0.16799500640890805,0.2050503449921758,-0.21625675854331244,0.17274452524046122,0.41906305889400525,0.10324813837480812,-0.2105842945512441,-0.11515499603352082,-0.004710222689483982,-0.058847470414272685,-0.24357550783525875,0.11994280941469444,-0.09591413217273818,-0.04311288265730509,0.14607834333732475,-0.05002034930801987,0.21186281503484375,-0.059869396702210385,-0.13391942518844666,0.04341911859747836,0.166541124543611,0.15765799569841868,-0.10410366687654801,-0.20414316020123155,-0.21147284574505607,-0.11062261955571713,0.06171195079483459,0.11305212301004419,0.24236185356786372,-0.07988699689891174,0.15817779042110675,0.05068310388796233,0.11493237915866215,-0.3330653572502453,0.018267996559846268,-0.15338093131837435,0.043772157378901506
9,-0.5578838384285277,1.9661642057964943,-1.0349801455790302,-0.5500746401494769,-0.5348019564322567,-0.18947731768750142,-0.08073446990110197,-0.22198032751440933,0.39643685074594454,-0.1519118654203718,0.007123170231423437,0.1495746117181658,0.07020388166933363,0.024476746851606262,0.08931029522818464,-0.2583282839741112,0.12821369563842885,-0.02434266892659589,-0.1568133961816225,-0.288276117873081,-0.030819500163245944,0.28657934346766734,0.038448396973078516,-0.025529199220511584,0.03565313557307719,0.032099795925491975,-0.13847151759887702,0.013628950504201579,0.05739654412053129,0.03396859221131737,-0.11187430530669218,0.07475686636526302,0.047129306574519324,-0.12121315866959673,0.040011121111463814,-0.15530086562166417,-0.1090921285154016,0.06958462224318451,-0.18939259185621088,-0.02048932179992858,-0.03298529960764775,-0.052492736243590535,0.105371357245338,-0.008929529367946866,0.02974929587483612,-0.0037207897059179174,-0.05626015398042936,0.059117670816681935,-0.031202443167683586,0.09853324599162173,0.05620814120370674,-0.07985743599800263,0.030366467522449755,-0.043388616715136136,0.04734107172858998,0.020708227647636433,0.08436596497525674,0.1088773228213878,-0.03823221739421282,0.11506851762841369,-0.031877309054678594,0.08604999990106715,0.0467910295478036,-0.057707152997884405,0.021774832711443506,0.005643474573886394,0.029881610932951642,0.02214972829498812,-0.035810552821677825,0.03275712726861498,-0.011472555735427856,-0.1395088870100969,-0.017367475054416652,0.023232448312698883,0.04494912261789806,-0.04731639213198,0.05904225137950768,0.005992291560761643,-0.017212687315249563,-0.06743578194799202,-0.04166666221479312,-0.012806440314086278,-0.05424183030029721,-0.049413839444548274,0.07369148254353891,0.0024075872281245888,-0.008054016144313286,0.0044355305851533884,-0.04031985090485914,0.01974699825858312,-0.05318327040807466,0.03518175955303291,-0.03581405571059482,-0.00046531969378668414,0.003141351611520277,-0.021899408405174365,-0.02192563914246305,0.024802933549430514,-0.07812328520809339,-0.10077725679706721
10,-0.20426798172003596,-0.7297933987269443,2.285939177373156,-1.1961569017826823,-0.08469478500041913,0.5050512361220424,0.9966547996521523,-0.5624236610647533,-0.814497915431114,-0.8508366360284617,1.0973684679180418,1.5005795337630081,-0.12458736558205817,-0.6095379782049691,0.8198252207999704,-0.14471140346527162,-0.3127101315235886,-0.5177328357081461,0.5977206743358708,-0.10496215258117789,0.21979217785688207,-0.296941620014256,0.23951554922436066,-0.1066600437716649,0.37634331330161835,-0.6837706785864601,-0.16738954748432347,-0.599750290130484,-0.2235174403779813,-0.11465259050749403,0.047441054982964234,0.11477694832007311,0.08862788953480129,-0.14907095887515964,0.17163824269442335,0.19089247957421188,0.44260442464280153,-0.02208624626391582,-0.1968334470674722,-0.15243395370808255,-0.02325180362986161,0.18354321562369555,-0.23626018095538404,0.021952724569755583,-0.19107809538955922,0.02319357213504147,-0.006882591294392646,0.12190145325174313,0.0013485674953085881,-0.17173402291678883,0.13778030503649183,-0.1384650899570623,-0.011111963988776093,0.2139605414543381,-0.0590478809118544,0.1579892489994603,-0.11597384277035121,-0.22246472667444392,-0.0314593138216159,-0.12041503585366678,0.09013585793896985,0.0960849779950857,0.0030805632699619258,-0.10033208369065101,0.37018979885019926,-0.11880636877758077,0.08661183630595402,-0.13788241579474642,-0.09075803235880216,0.11850165218170713,-0.1055140591637787,-0.16235158260612298,-0.010875441417425675,-0.0070825726782793455,0.03516423213421407,-0.06293773791362071,0.034710621531055356,0.08215234948163247,0.09128129254174412,-0.07462015568226626,0.012841015382047863,-0.044452959771697796,-0.1615871102569782,-0.11055989145474318,-0.034536839181893805,-0.07820248367748582,0.15457779348506923,-0.16511207150702623,0.17367032269235028,-0.01714188155030783,-0.040622047871512586,0.155116545883054,0.09816187670523432,-0.23307157409843285,-0.028417917136327277,-0.11383949951007614,0.23091939101817663,-0.07142456272918478,0.01983779620883092,-0.18918022815156202
11,-3.6505765645103354,0.2947241090878935,-3.351769940269888,-1.6209599874305711,3.2491721531427102,0.2715196301443891,-2.797949065452322,-0.49638822904872215,-1.5964162415012912,2.7810197680442954,2.1686321422421644,0.5804988091606214,0.7418845507216851,0.47267461973625,-0.42291018501881505,1.8098609229534688,-0.5468702557342491,0.2676241793715614,1.159721873212818,-1.2806763409328707,0.18364654971328923,0.5274687070897102,0.2716054267981024,-1.0704184081281267,-0.23298137619338413,-1.1100847470004844,0.45958560435237833,-0.8054041710437205,-0.06094531499908388,-0.6459793330938708,0.2295235206046717,-0.27275260831967657,0.7913654264997121,-0.18120157045053456,-0.3133072048296241,0.19009079461324208,-0.4744688745402285,-0.44936344163772995,0.024746256193671833,0.5919047655831103,0.035070345321578204,0.1110733614678721,0.38569059077714496,0.3483253381619478,-0.2349527293175661,-0.3809397855722221,0.06644915284690404,-0.21827702109930266,0.3790044643392068,-0.3291192152511128,0.13261956795860472,0.5580361344787355,-0.5158926455669451,0.5278303679375351,-0.4324538913893771,0.4665290687897996,-0.7566045533669303,0.565427031678104,0.22909053124095977,0.11476093260095886,0.286256874093759,-0.9367279870023448,-0.1841879970863652,-0.27800279880875883,0.46490487393795954,-0.5439861406633869,-0.5930600133948545,-0.15468981835042034,-0.07760485327469235,0.4089115270130854,0.07121553994189446,-0.12158374308546976,0.5712949836702899,-0.7337159998861966,-0.08509954327442529,0.4746128638674543,-0.0022065734410190198,0.5360915128864602,-0.4168457171380863,-0.06254192839280093,0.36682733674894186,-0.0362229548020439,0.3571350927218953,-0.1445755691472356,-0.054653472888446235,-0.06692859264680175,0.19787168186490986,-0.030505067768555376,0.1335243824946509,-0.17152266805510327,0.10034994226683605,0.06969298164208755,-0.2972541683996065,-0.2135925379614053,-0.03588963109173288,-0.3239780472718555,-0.497687956066002,-0.4334373444878875,0.8135537582791316,0.4747047738166167
12,0.8451944699305546,-1.9558560031433256,-1.2906299420112515,0.2204963290219834,1.1364214881141792,0.18126907992985974,1.14655228704568,0.007012286402469787,-0.6072449140552721,0.8605944791172284,0.32132907532828153,-0.4253434802960757,-0.3471933491568442,-0.9255921730731445,0.20461490483800457,-0.20193832897991515,-0.36390452818508573,0.6654018124180212,-0.32609100766344995,0.38413847139013735,-0.14506278239987064,-0.4206353446098931,-0.6056687013727265,0.7731034177136363,-0.7094851148632275,-0.35128589178879643,0.8645163922589981,-0.2682441850102946,0.3105267232890845,-0.001384409948485709,-0.3048791169108436,0.1574477856213562,0.4668525628160742,-0.1673940133145128,0.4182186621074385,-0.419436852695997,0.06058491032428363,-0.17889643777684813,-0.2519211233664737,0.06301548727923456,0.08894533960644663,0.1543602942652119,0.1936140095139077,-0.10366039099412423,0.3041407591209588,-0.02733810396458563,-0.12080274916871835,0.20653918393894186,0.46626966238975337,-0.2941669666943608,0.08629253497666134,0.04847227797412094,0.18502092626612804,0.1702055578642212,0.26832862320859496,-0.15487076474078085,0.111589891847982,0.19753615997899607,-0.32386618143728024,0.02108808849628327,-0.2813827125196134,0.24020472737814894,-0.25770019424582047,-0.1161002820018974,0.3348909935136003,-0.2598326806605423,-0.009422527753974376,0.05389373628648054,-0.22630428501075672,-0.010035022407658068,0.0932065722098266,-0.2048308879190483,0.20632354371906655,0.08101551101476243,0.11929947656442406,0.07906589436100775,0.12852661094451395,-0.10318236338753309,0.04504787658154382,-0.12283897521153032,-0.14965260576871323,-0.12453831352247657,-0.12140628432459807,0.13763430065940457,-0.02557018774774536,0.034163958106697694,0.17786069543507518,-0.034505138566299436,-0.08024964013889847,-0.1292583285279731,-0.26342621415994233,-0.04053192280380531,-0.14705622883533034,0.005140668092332519,-0.08848929485029541,0.006460763428414626,0.12951313292031388,-0.01160366106699625,-0.2234445513163372,-0.39051384854937654
13,0.9682395942595421,-0.8873711652990025,-0.04173576536172776,-0.2096071181121184,-0.1812718494004695,0.11933586234701495,0.16932909503226976,0.7482712115485263,0.19491006916899806,1.019995708086256,0.2273580832360082,0.4469274653640504,-0.10777363824929097,-0.684795381168488,-0.3939649389447911,0.1019351134011093,0.18199435737109523,-0.07744652152617205,0.013465137102651143,-0.01781048896167508,-0.29140386742736124,-0.42696348405008666,-0.0031888352333749393,-0.36002668219792394,0.18197971714439465,-0.13390584468644115,-0.03703709301595701,-0.17086689810094322,0.035015550700993124,0.21547379984501655,-0.11316887787653711,0.29509265113766936,0.007122960341526561,-0.2181310774520465,-0.0006782370623383571,0.2876079054642929,-0.1615622568086408,0.234200037675152,0.03086276231969343,0.14185106700197955,-0.0866041530104521,0.12120310189737847,0.22229061383275225,0.0013247067493768227,-0.05891817287430717,-0.012789181346344691,0.055685139942268654,-0.18880764674283174,-0.043515778273846374,-0.11109054093818345,-0.23872712115214806,0.13022710964317116,0.016517355736048123,0.07474440953580756,-0.004443354222383364,-0.06539260272397515,-0.016024287850648643,-0.07506553874866323,-0.16740550492653603,-0.09844871875605958,-0.04159947599171648,0.05929661986824469,0.0008701861947280428,-0.03175436140355167,-0.028045188390977235,-0.009826927652450992,0.015808350563422457,-0.17311084245464994,0.011113287139892887,0.07033885869400072,0.08359294898766162,-0.07720462979733227,-0.03539186375793622,-0.019707913697547135,-0.02189504916623465,0.07842722766308378,-0.05770477578835639,0.1566409084444887,-0.12003691524245826,-0.01699974906608369,-0.03191825261652879,-0.06789514843599302,-0.052406188145092694,-0.08112331980718587,-0.09502964641873193,-0.019200241858335167,0.13171995078945897,0.03033557424130324,0.06519210441571437,0.04439525382399882,-0.047745501418540205,0.057371023851423446,-0.08907668968699188,0.055098591671714624,0.14573107596378607,0.11975181247351172,-0.05660987459581909,-0.07829286784688332,0.022743456553953663,-0.03896020240586838
14,-1.7397176242233838,-0.7601417010475041,-0.8345813004371614,-0.19289131810309687,-0.5563552454331628,0.6850937974722281,-0.21368308087468127,0.10586641409820013,0.17193793395683163,-0.5418691305862575,0.9305107904649718,0.5394460797201222,-0.88470647472228,-0.8233928284716081,-0.3195120647576181,0.7861998201338243,0.022211428294842482,0.9368034853577533,-0.2888384205913167,1.0235506080634584,-0.17084994360857825,0.3959761729731969,-0.30348885275157994,-0.6315522564432471,0.30940370529700223,-0.2750713604709445,0.08903945111182668,0.3071368334247358,0.05200299709956234,-0.28851178584200726,0.14572457651224016,0.28360533126153786,-0.12264868556954875,0.132868402491877,-0.23808122109074487,0.028859620030340444,0.45775462754885704,0.16405788924549755,-0.0012128146050184585,0.42082758700654954,0.1706301475552654,0.21167627041568077,-0.08223291781714605,0.16466782175465858,0.014312482877030573,-0.13713130570162474,-0.1923461315322609,-0.4535094346550133,0.10569821561975186,-0.15475248800053196,-0.31723222942103085,0.13976884240029233,-0.0630750799679178,-0.3220271367156513,-0.15327281947713106,0.36189714720692145,-0.4600165064028127,0.06747316886228213,0.06790433459240999,0.05560685570778676,0.24948535403760233,0.05655361143383986,0.3093895672690752,0.08228858686764669,-0.06011895444792857,-0.09358994581428808,-0.17814480986462128,0.1890587521562603,0.11550915325470766,-0.13537280127211973,-0.13245992514906213,-0.27508649825993486,-0.12728084619717334,0.061251767626588384,0.06432772747893468,0.020443393007599373,-0.13737281416487973,0.15021826355385853,0.05270757427096977,0.030262539514129917,-0.18029317884340829,-0.20768291532543348,0.05092791922541103,0.19408020122268765,-0.05329960640302056,0.17808051707361586,0.11625381776824721,0.14988741783463871,0.13097039661366125,-0.1721019583520078,0.0911905145157453,0.2940928735478359,0.11439413098484257,0.19024857699395964,0.13245639265768233,0.3721565647651775,-0.16216402557454115,0.2070542449480381,0.1444336293097548,-0.0057650318124273054
15,-0.33945356364652945,0.37208546750693416,-1.6464854966349047,-0.022857192880788992,0.16822349715789603,1.8936811070747077,0.34338903844560653,-1.113693677817948,0.48425194083028716,-1.044691545814947,0.8604532674451062,0.1788082432881371,-1.2495098457295715,-0.05326569189862032,-1.2137657128968726,0.4473513168845413,-0.8752285948673485,0.9155862482919362,0.017846471159520556,-0.09473220146374799,0.2964361625653764,-0.055862769775112814,0.577912329060646,0.43691301968729884,-0.19950725556129,-0.36660215295302223,-0.18748448156468997,-0.5790709102697161,0.36737212467923835,-0.24099869827087556,-0.24847969440257692,-0.39262205851807297,0.15744670399865074,-0.014049598393397297,-0.1560939984251659,0.09176863353565048,-0.22146128123426598,-0.2673708453621117,0.5981734555541427,0.01832363467377444,0.28230773775976015,0.307220166830571,-0.3713964226208378,-0.41779234167320406,-0.3153704009842695,-0.598983809461406,0.24535801078384745,-0.860698267860327,0.43351666970680786,-0.3869101574410298,-0.09605108791181569,0.6592833364463477,0.21776866536543074,-0.05736324346990975,0.261984816280776,0.03537204429317799,0.19794241770048504,-0.3488187348624797,-0.27333374787872833,-0.18800025636774276,0.034950031571869156,0.06550504938406683,-0.08736310739583476,0.0028197385341913,-0.610551786444419,0.2286947915236477,-0.7733915345659291,-0.04677423125340076,-0.12334750650220272,0.07959591236534234,-0.03235016784659956,0.01982517867869409,-0.03876603374810955,0.639524279158934,0.17456949886660691,0.5607007577525358,0.22501057263388938,0.2826638557429283,-0.0692100967139766,0.39303401516855363,-0.40388603014798724,0.08567260417714329,0.20944827661417106,0.2331862737086851,0.10067610505080404,-0.09148792278849381,0.151832937304618,0.07006420101889402,0.39203419081422025,-0.22179255011463966,0.24763638389093218,0.20050947529900767,0.20823006928906057,0.04810810993064002,0.10075080512920906,-0.03065681467507327,-0.052050870717225556,-0.037324126565294095,0.36594203834377553,0.19472584927133965
16,-0.007539183988409109,1.5522147526403882,0.5164554568976383,1.4650306854008752,-0.6559233977968245,1.0930196484268666,0.30898338483198495,0.4249536576095897,0.12960150478037838,0.9064170126548241,0.32935760217703,0.16747836199701907,-0.8985569176155731,0.2912559084798496,-0.21929296534495893,-0.7267367813652565,-0.11166190338188285,0.440524088771882,-0.08600814922446662,-0.15778317486069787,0.659657979549626,0.3757278855057706,-0.4131440490196362,-0.16384566643868387,0.6144794172132265,0.02028459847241688,0.22583288479114272,-0.26036234595614344,1.0756421027548313,0.03803253017738359,0.182867524899061,-0.06704118825264209,-0.1457122566856359,0.4581251565910925,0.04668487609750359,0.35385183694578687,0.7270771910434584,-0.21596794107345146,0.11601857589805344,0.5431902916015455,-0.37431798257015947,0.03827677694967264,-0.034778406015300856,0.19107322249013003,-0.026528412633078945,-0.22955989885804978,0.22354221725557452,-0.69733647967334,0.561022382375719,-0.005971399882446253,-0.22099530104763848,0.18765776920437752,0.42792294484735965,-0.18648286409596798,0.17076713674055094,-0.07271277523436477,0.2401741594143111,-0.2135778208547463,-0.01925623117190215,0.06185313021178602,0.17412597552580925,0.10346719657735694,0.1053583568578032,-0.7414930916944927,0.12188723646559875,-0.1398380879556074,0.11073642766328062,-0.48834643269675676,0.16809891477306946,0.5464811799128664,0.29418179725835014,-0.4081046445474237,-0.2607341116916325,0.11329139409046354,0.11989232474044068,0.24394261504756953,-0.5034527059503355,0.04191238653100909,-0.09830683572703729,-0.24535219815312143,-0.022229344679805876,-0.27604179401726686,0.16157608376226373,0.17327860615508175,-0.2208632955476964,0.1412555291471423,-0.2594474311317658,0.40360661754955396,-0.10355560850826197,-0.4965987829111205,-0.02470987770284572,0.03764727999169553,0.051512930776682175,-0.07869046870556988,0.32074140759901804,-0.3758398843009729,0.08413859020288028,-0.09187860654286921,0.19749493935228563,-0.10504802736275326
17,0.3815473520918656,-2.0171998052119213,0.03196329170016163,0.2735813714853291,-0.5580123605383671,0.1209716498511903,0.03158398308329135,0.19062916960056797,-0.13714444647683738,0.012814964486105423,0.7784091869188585,0.28425686755979745,0.016885861629707427,0.23273124186165808,0.043361845347432156,0.23779797275541786,-0.23666110159542791,-0.144205045912604,-0.23439034174420864,-0.006621509432244428,0.1803643163635536,0.46192285170100733,0.16880590537240098,-0.1789161877668287,-0.001866296194187795,0.07097986684420092,0.11953000429126304,0.23656356197142714,0.1194153878229624,-0.05500444135566182,-0.08055827696247375,0.14399711902796977,-0.07738023083747761,-0.04662745507372269,-0.11832919594032414,0.08132258156252681,-0.10493936795430181,0.19758272056900952,-0.006293905288493434,0.11704818285166917,-0.10482190556035134,-0.16277721493337557,-0.11218294465500953,-0.04569537910309612,0.25376091087958735,-0.08759383504022662,-0.170844248451059,0.11942807517763131,0.10821408179560116,0.060650309557361184,-0.15287483212612563,0.06117648042359485,0.0061697381751954945,-0.13700332780149024,0.10788226481060902,0.07592943164446186,-0.04356342617950459,0.05941313165861559,-0.0038265005853750527,0.07649505920165597,0.1802708928057639,0.180594518652584,-0.04509943621836396,-0.00984843866437146,0.05248256256589779,0.045063103360354136,-0.09843051986499163,0.10972599468561575,-0.07449153221995838,-0.058256155868281485,-0.04766029938444334,-0.07582173178106329,0.0689102226779374,0.05889942386816805,0.026142249114630905,0.03693163384615656,0.019448703839241778,-0.017165183040478156,0.11889454314622323,-0.04667139391921338,-0.02439102360774699,-0.13777602115626256,-0.032167366268751704,0.04364851838527282,-0.015703287633677163,-0.0448732232030421,-0.012015381752173492,0.09404446001940549,-0.08488269904584288,-0.10927397475551744,-0.05026783118579843,0.016447588933085167,-0.08469648230288893,-0.002728412359709515,0.01765751035465841,-0.0023893401454997028,0.019281740748911293,-0.007509237859776986,-0.1661829719612065,0.0011705274080799934
18,2.9760534114430235,0.504403695242593,-0.21388478370943464,-0.4534994488297412,0.5668021799251484,0.8082608297192396,0.4354190259015376,0.6093401559172377,0.2617644014209428,-0.06920589272527693,0.2425959350808579,0.05378099223076698,0.0856401041048537,-0.12619846604149004,0.033805321354559506,-0.2328513265699061,-0.008707833083549072,0.2579316254603131,0.15785398844449783,0.013646863903916204,-0.08654795848436542,0.10767300930536877,-0.09247935951605428,0.0862913618466402,-0.18937333406308707,0.1546082629060571,0.08718503149120273,0.20938241070105176,0.17144067835462246,0.05464610210914749,0.19891902926845179,-0.09817090634796646,-0.21135917476899857,0.16131104530212603,0.050643513248587735,-0.015358388919939856,0.13551635242218987,-0.06658174837477329,0.1198194039246945,-0.019524810697149925,0.16103015286078945,0.029479720492673493,-0.08387390256989936,0.06045310795714122,-0.055449003837542,0.1648320176117807,-0.10611428554644951,-0.05018155545730263,0.04496747474655068,-0.06449093763641267,0.09081770642698454,0.10853015623940698,-0.08868980162013414,-0.2916025121922732,0.0513983615168143,0.22950032563122696,-0.03563139233986136,0.09585359245580173,0.21897010367564895,-0.02455777172429066,0.06978616599837083,-0.03381183441686925,-0.06351533211941059,-0.17521409628917753,0.0028927110020513925,0.06679803193272515,-0.06983418140956199,-0.05219509692670591,-0.09292011408024309,-0.1207348241448431,-0.05271787737457452,-0.10570382820862914,-0.10274793495710238,0.004104157712099038,0.10662813823590776,0.009218659689721473,-0.10652554545463687,-0.04986149582323425,-0.04359248961976445,0.03221628322280307,-0.05431327969269132,0.029082629889246325,-0.04561865356659071,0.09411575937794557,-0.025480273690057387,0.0539235920475935,0.051873580391053,0.03737406177036518,-0.07887831059639183,0.12823851724407742,0.013679602519076014,0.07368219209502884,-0.12621043619261663,0.1350583820138931,-0.0699687174953749,0.1814367468655712,0.088399378184635,0.09814687683834379,-0.08624907272487645,0.15833654889644458
19,0.7756947316615131,-0.43420473044486924,1.3307732058096664,0.5718711893888022,0.24780908248727865,1.1146266552054815,-0.6799819089589051,-1.467383239737538,0.23546494811611365,-0.40779241278801637,-0.49846892189391545,-0.32265232613602857,-0.22537158333503884,-0.5278564947914423,-0.022775478343550683,0.23012596286898832,0.1473152783024793,-0.21412221927992578,-0.24187797484241635,0.08112180509554551,0.27997312185054085,-0.04770760868658705,-0.4989135470662081,-0.5167248677964471,0.08413485619702496,-0.0401862431908655,0.0938023108906612,-0.1740112319808198,0.11354179172065781,0.04162326895498874,0.15651692925715455,0.03261244520933039,0.4250186131114903,-0.06296039520158665,0.30084268750944043,0.04020784153395804,-0.03291531188920912,0.15118657166762595,-0.012417219139726998,0.4153342364441885,-0.4068093174505909,0.021910339095953135,0.07491063327434028,-0.04590212154130566,-0.13322124776663877,0.06618827346435435,-0.18917680397599027,-0.32665280133770835,-0.21797079257812144,-0.012569195556731406,-0.21989185806019093,-0.04553185560014773,-0.1620364645795375,-0.02578386146185201,-0.13070262649516506,-0.13978117140072965,-0.002981787575283365,-0.10270478116331526,-0.1581301011407861,-0.028898137852125343,0.07606326093811977,-0.12037080789678774,0.013525347349509848,-0.05027354489953247,0.08278444391040066,-0.12442002417302904,0.19543687083595176,-0.12134261474257367,-0.23723225755710503,0.196079156827451,-0.11937670635742935,-0.15796110243524103,-0.029629189490829076,-0.13128815495435872,-0.029572582529003463,-0.16614279745290483,-0.13456509134365244,0.11150042733202851,0.008207251522283182,-0.03755310322807096,0.0044292680718334265,-0.039112503341893874,-0.07279011142462333,0.2190324882871476,0.005756085954047425,0.07567109081372403,0.05104400606470299,-0.10962898774180083,0.11142480187469278,-0.06844512588496968,-0.15767722206836787,-0.008710950208689186,-0.23133769306575092,-0.04035447288409766,0.0314402825046193,0.08651048236067307,0.06176583316195799,-0.11756178439989476,-0.008807543396127956,-0.08629869793496737
20,2.2425110716325682,2.1895782585870296,-1.1899247495191463,1.7768474340320892,-0.6511752801972399,-0.3094830420608637,0.49398156208108157,-0.17792405341531956,-0.12678979880215785,-0.2726409267234345,0.34954602952347774,0.48206435439078466,0.35699654695212507,-0.05304674435031977,0.4053361152234423,0.8444153898114495,-0.5330603708301164,0.16194945453783643,0.09941381996765311,0.6204368586445204,-0.08447045247817335,-0.2109430753278595,0.11684922935899128,0.08499359750778523,-0.08750156470516642,0.26593641374001026,0.014868515276280293,-0.05820518404212582,-0.32314423610679294,0.0484223840269978,0.2788017907704899,0.2610454142757089,0.17499430113295425,0.2831807450251788,0.03157590567373292,0.005215050930927146,0.09222625181684249,0.02878314917690979,0.22243024092603567,0.18099642177165032,-0.17495757725865999,-0.03288420721725302,-0.1022204472490793,-0.16418295140064024,-0.0012011614398673243,0.1468873036509745,-0.3816847355147991,-0.10538849912946288,-0.3109451238160895,-0.18720918161353242,-0.2510840112794688,0.000814329327425801,-0.14104939147244755,-0.10528062930524956,0.03568577980678622,-0.07603748480778695,-0.25236318151529585,-0.02960639921944461,-0.23591254949595974,-0.08539034328990502,0.1389310621293945,-0.3027517681505733,-0.024452743851757757,0.03066284673538189,0.08428352768039325,-0.22403185466062825,0.1572391626174901,0.09890918455360428,0.01402861706282636,0.18167719425614434,0.1372022494145073,0.16223835856324573,-0.010420318855020273,0.16043892792095574,0.10317930189374228,0.1074387373786773,0.17975505899014793,-0.13767689960663976,0.15379107373552808,0.1628471501056211,0.0878975158569814,-0.02076858704849639,-0.2163314418950103,-0.046322263969200986,-0.2265023456721075,0.1371549819600373,-0.05520248960075852,-0.005052882988046769,0.19770753131598662,0.08946704117524346,0.17705622566992082,-0.2170234817873807,-0.07579155475110502,0.09708467478837683,0.17969386426229314,-0.1097578846960962,0.16654872085475667,0.049516473469083125,0.017811855770363896,0.25719090262389127
21,-3.4576830613800977,-0.34980109457295117,-0.4936103007941727,-0.20891539292469755,-0.17433336684926007,0.12889473465812637,0.15832338744213909,0.29696612602984174,0.5267193205859272,0.4262953078068566,-0.267197126460747,-0.47561137132674863,0.2090285004148787,0.2378528119094121,0.18444927019037008,-0.2090465391386079,-0.030366516639787133,-0.06756904525628687,0.18445927021861697,0.35155639648267106,0.10820771404269769,-0.08696919717256911,-0.19078695626086575,0.23274472071710714,-0.3786065956753828,0.17496562707722765,0.07692906053527812,-0.003168569835888247,-0.029183943252077016,0.13550746614186499,0.18694090565037177,-0.14028082384604498,-0.11788986883337146,0.3855389066965965,0.13570563829093726,-0.050871080898551274,-0.07321715618122993,-0.04759144153679157,-0.029748477719160456,-0.1625640658859326,-0.06559140879248486,0.09728784923461928,-0.21056742978066254,-0.03824228388885615,0.056757094555995195,0.1181547410493702,0.008016947357684642,-0.018674614371640044,-0.12634866391436733,0.040793366015285645,0.03486827175501524,0.056192428498670274,-0.06530904980713964,0.12352471838274916,-0.15203654598783597,-0.03784395218780139,-0.002015714721888459,0.05288106569974274,-0.15327505832399743,0.0026745154379531092,0.09842602233109057,0.007870759292104262,-0.0169870107951395,-0.009458279429030233,0.0513356334360051,-0.07012625054845839,-0.038370327040666306,0.051568170314488626,-0.024016913819945022,0.10647154972815888,-0.09457043606885315,0.04065194909589543,-0.045784608220993846,-0.06317705979518476,-0.09250687489267256,0.044609650322023284,0.03077870201911979,0.16346642059607744,-0.026478845136435693,-0.017521322642045506,0.026232756842237838,0.178330922693963,-0.0006503584548016492,-0.07481072208462136,-0.08663837174668243,0.08071343606746502,0.05853249216301956,-0.10587426633947511,-0.0397363053771709,0.024352013806547838,0.02263316112497277,0.013661364509905663,-0.010931200086089382,0.01584634382548699,-0.1104738471552071,0.06336423080196489,0.1298542557064866,-0.04309379430493028,0.05188204128144628,0.004080860228135746
22,0.07117132576583637,1.702233707711549,1.9774990400108747,-2.58224166039493,-0.3696417174135555,0.9412768370694276,1.6370487670856846,-1.2649850010851016,-1.1204937576154212,0.7510300077799829,1.7936986790591694,1.4335124517383275,0.5706178901530427,-1.0650323751396908,0.4201769688959114,-0.9514626645379062,-0.7832834207793598,0.05783284638533974,-0.1748769415734856,-0.09116942534901538,0.2386038273514046,0.1523711443784757,0.36030763384173276,0.47073957868414446,0.24448046121972297,0.04143694629393333,0.7475551901127476,0.6399552596089935,-0.24305094143896863,-0.027382923946617673,0.3883738700738561,-0.5919674632553773,0.5725408801794575,0.24239472627906344,0.279203447833173,0.37125756400162835,0.2161460614340211,0.15971748235632569,-0.23490324308513427,-0.23723770740974617,0.014898947059926556,0.002723696752866731,0.23586431155736381,0.34061549880170217,-0.15966429827806938,-0.217809440390815,0.009139987225995414,0.1851603217354321,0.1590058447310792,0.05883992711201288,0.1365607823484651,-0.25418490634297164,-0.25617693360700267,0.13407568547572718,-0.4237409293574354,-0.17841002190826158,0.013496231269174725,-0.07013153450724224,-0.235085949210242,0.45760917440114524,-0.30687886175914164,-0.3016249386646919,0.0843536003669515,-0.23366435675392694,-0.34909186952340443,-0.2382199457737171,0.12824018376861065,0.08839705905704232,0.24750470314633216,-0.39846542022556275,-0.00420970507949843,0.11235765832223589,0.32505909172189307,0.07416483768008504,0.23205225760692139,-0.19691057983922156,0.06940078057991665,-0.04687598030687824,-0.1793927436621766,0.25243785920535755,0.27471963265223204,0.21181033091359092,-0.0769662786835207,0.05598797281289277,0.23462863146411478,0.23077661033470584,-0.06952593547499991,0.006264758371276584,0.005879725872704099,0.09506330569947992,-0.10021914531485789,-0.01543327005250745,0.06576809723174135,-0.20997188657768961,0.1716996628711318,-0.24534182091503517,-0.521151052219202,0.14907686586835434,0.025401537921552364,-0.07620043207968293
23,1.383381980430995,-0.5532463351694827,-1.2344581394322724,-0.7355996729213534,1.31921276180126,0.5643815937098161,-0.8619160251516678,-0.273394410930049,-1.1137526386080336,1.907617847061346,0.9523190725372067,-0.13127169922911613,-0.22791399199178722,0.44850425968537216,0.32081169151448485,0.40878130741779883,0.3548510186262079,-0.20061675569522933,0.27768475715729707,0.061015310564953885,-0.07554393785830622,-0.022451104329128106,-0.08151201722940506,-0.5060274623724272,-0.051822934469102695,-0.016028413916772642,0.1677512964745093,-0.35688787304991515,-0.13531514943372058,0.393466130360364,0.05227006231211338,0.5710503414107934,-0.0912628219935679,0.009943700227238365,0.16774708663128657,-0.15228547028241327,0.3090270027113582,0.0021385790889214447,-0.12059066671437972,0.23688576277730658,-0.060203065533150656,0.059030193790007776,0.020321432965434896,-0.13706552093536836,-0.05599498179203031,0.07914909469696901,0.10270242508741587,-0.21657397757748637,0.14543993050346324,0.02829231630635541,-0.19017125173869961,0.11242689882567108,-0.23691956059695843,0.252100352313486,-0.3252091559471812,-0.17773711688609362,-0.03595463404747657,-0.07390495135823108,0.17639238435170906,-0.0002716265394161964,-0.08866955308468445,-0.03612215315937514,0.06194266085457618,-0.07843124575742347,0.05473595072662174,-0.2488284656976793,-0.2609152472503649,0.18548926472552857,0.01015884255587124,-0.06063991100244608,-0.13124362433270892,-0.03890369025689632,0.17360059996057184,0.13029067397958766,-0.18223395094052727,-0.0336233722243707,-0.0803095537529674,0.11038335051578597,-0.10991997141343436,0.2647350736097835,-0.17160344631323773,-0.0595685836974237,-0.13767785204426383,-0.060022179124236616,-0.15324873906441025,-0.0038023140339894634,0.18464807988103177,-0.16676688167025797,-0.10675196535963555,-0.12890062677360062,0.06515325631110823,0.11965810446538587,0.059744276223682606,0.0006245825249053092,0.2064332214132434,-0.15499126463128235,-0.14161143438490836,-0.10225078991413711,0.2029364041637669,0.05074910607287214
24,-3.322568918645367,-1.3227412149290043,-1.2142526643812774,0.017694998343928455,1.6807848772280014,-1.077920255148699,0.6412224370687105,-0.4935840284418703,-0.02074017848432363,0.21920992771482442,-0.014964640877423073,0.20166215762283266,-0.12972874675442814,-0.16799240156281484,0.7415939776236976,-0.13850323707141743,-0.060903987990649534,0.7989263113724173,-0.38042165662424143,0.007610218433893118,-0.07712235116356088,-0.2871656230231753,-0.4318855476521618,0.01250062147972535,-0.03357504121481188,0.11781212071010436,0.2302845077637405,0.05970712227758813,0.2749834350306792,-0.14239150200237724,0.3379840832910331,0.11439067189565989,-0.05683713374778913,0.02582593543693181,0.10905791884226557,-0.0278362771822377,0.15143997379409235,0.019529147947235356,-0.030149758804896686,0.1168348942543105,0.022591241739489627,0.07596709553648323,0.08044670778661062,0.0064915080199076545,-0.30961552214369514,0.09407120656954852,-0.12164810860220802,-0.023125854058445333,0.08516612749829516,0.024004158770368326,-0.1563681834302919,0.14708014721781068,0.15081050538213822,-0.1497986825655544,0.19637671656294517,0.01892359055295021,-0.04148906676939508,-0.1280902324849818,0.11217316806900422,0.13042042624558628,0.06602271891082272,0.0825728872511124,-0.04808129471629614,-0.15190237395034703,0.10333556787191119,0.12333786356355059,0.018057452883009275,-0.09787945646616573,-0.04646315711675363,-0.028294027766147783,-0.08185946219324924,-0.08433560605373182,0.07288264824886939,0.004944973440625725,0.07259416600229786,-0.06914812405283736,0.0005260080554353602,0.01892775149562006,-0.09129355033218244,0.07128620444872968,-0.015727226977361106,-0.07778364897215628,0.08436637915086814,0.041304667937019646,-0.019914514676405096,0.07137370201901636,-0.06671485879599913,0.10484453120059038,0.11828926309984232,0.21515155810124614,-0.09285178046715448,0.035113735520137454,-0.1348133379599008,-0.05374487364521464,-0.17369011728613304,-0.09611568416450576,-0.00504095559964145,-0.002127910295243511,-0.012384354674901916,-0.037083804332430775
25,-2.226715491065759,-1.7302615518111426,-1.3860102388314577,0.7970636727417844,-0.28627500337681316,2.026931444399724,-0.03579281193893411,-0.8171824356785913,-0.437742211699773,-0.8906434048237183,0.7857777001174278,0.6079812099952389,-0.4591683630466741,-0.10655246407810268,-0.9678279842441793,0.648754954831298,0.09986365068167448,1.4237683191273696,-0.4764400144001034,0.5536285070022245,-0.20453233641715987,0.5157097125307425,0.06002671178545853,-0.3774548448124686,0.1452268754575572,-0.4524135287808994,-0.5070160300561494,-0.4763770261392048,0.37082288476028036,-0.036654088692474114,-0.16799435562367385,0.07157396221256083,0.1342593601927631,-0.6399131504990361,0.25768612109526623,0.08886912972530077,0.5118659588121095,0.23576051652503266,-0.3492872687460557,0.204750574423735,0.7989705939740773,-0.11360904189875402,0.6205470317293885,0.08958065011317852,-0.11120497660841334,-0.17757555867568273,-0.38140370980026306,0.4577075784855638,-0.17525199810191322,-0.5390524896183503,0.42794241065851696,0.6417030098246348,0.0047989645039278285,-0.1708997401734459,-0.3558546552223495,-0.33168301027059793,0.02345087659084401,0.14272409455665433,-0.6932374547845674,0.2683449104745502,0.037352092841660516,0.3465826957035835,-0.17481397156077913,-0.298172407117473,-0.45565953140325643,0.057351663007153615,-0.06782667812678028,0.216280257458519,0.42956271494200426,-0.4646560453068817,0.17371702419604487,-0.1481518330612763,-0.1388971432045975,0.35430988111356343,0.0019857010623010826,-0.1462388990332357,-0.529939673803807,-0.11969544767297709,-0.2408357200982596,0.4662669133862868,-0.5196290436137025,0.11383448488335254,-0.05446368292487334,-0.2590622850001122,-0.3038922231374572,-0.050748930846198845,0.20758132592879214,-0.13616707983660656,-0.20907172181235215,0.36227249776384707,0.3239190465779403,0.5047310149500221,0.5070786356164431,-0.020212813435057663,0.6488761922378792,0.2790236013993243,-0.3278942546728763,0.2657512445385858,-0.034859995141860216,0.2183839423095633
26,0.13033147465953762,0.75059701653447,0.7373018858877156,1.8858641529379587,-0.24301002319358517,1.0028933157312305,-0.5635759456314069,0.4087161431642193,1.9663152185332358,1.6838167134548871,-0.043241910546864,0.2645914352745183,-0.1386941999820937,-1.037371057100997,0.6361858717235057,0.8061478195893369,-1.9430955962229426,-0.7957423527975171,1.0075187320574484,1.504683301195225,-0.5218831001260527,0.5618842852815524,0.12390299019868543,0.40149245895716373,0.689401175303583,-0.3930267464109347,0.8485946787866844,0.004207892359107465,0.4999242251081911,-0.300308511347155,0.033056248624044424,-0.5958712527377273,-0.4088594408854417,-0.16746655973827643,0.37946734330154275,-0.3437111906139206,0.5352818767385877,0.4669147409698108,-0.002455235183324595,-0.4930586637190095,0.0009843905474701293,-0.4742913562010323,0.4844206339982834,0.3422937124080528,-0.3629987606608262,-0.12220719321824192,-0.3043727931486673,0.0803223019180215,-0.024322483847244693,-0.4329654306490513,-0.3773079931455191,-0.26722721196882504,0.36544847479298903,0.14176307565218751,-0.4270034805664771,-0.35800647337588704,-0.027499505580843138,-0.5168239772504098,0.12263752535883252,-0.34962534587517957,0.38516800630939146,0.04076561443895449,0.43009887176388173,-0.07416503605460824,0.23219296245985294,0.33052622255497793,0.0403651323150064,0.2000312124113305,0.3714426346891155,-0.44359967857735727,0.17040630807337265,-0.052054767265740515,0.5072395433959301,0.3588453853167253,0.09194367093675929,0.008514077013587603,-0.37333406547963327,0.23749714973067412,-0.31697142260709354,-0.4656545812813389,-0.35951412167650554,0.2465361650322718,-0.10194648019318396,-0.004434286017990613,0.06458777555642958,-0.39133050194415864,-0.14003631620722717,0.02495408717139847,-0.14284653250906149,0.3250644066421503,-0.11110719370593555,0.3184871388918936,-0.01123374355633607,-0.14222476116878566,0.25221718025450296,-0.046294030343218814,0.18943000575145322,0.07445581719322218,-0.17905766206249674,0.06494970965342811
27,-2.8512859983105967,3.461480209541732,-0.5492802400859659,2.22412365798406,-0.5853819560553901,0.8728244695597357,-0.4471906260445811,0.5882798271332097,0.1377388455798299,0.9593860633826394,0.42320773608498335,1.302121054091447,0.4484846735679555,-0.3135772945613855,0.7906535958155054,0.2760345679228961,-1.5759543092497241,-0.11918258968812866,0.5078456160141155,0.15834988345136355,0.18943891403458082,0.028682083360944223,0.6004897401180848,-0.9195662040747108,-0.42343003297996856,0.26551013412596447,0.9804098272950131,0.5371710305049402,0.8177406622082379,-0.2552783830241782,0.01608639116755307,0.12856971062149597,0.6193947746961143,-0.16709845683746521,0.23989894253754632,-0.1442882646385563,-0.36807460030672645,-0.5917648999185965,0.41779123471234036,-0.14635745814027523,-0.5333170332896985,0.006937934735150455,-0.010542086600770433,-0.07728506641330982,-0.1416975731475019,0.023311362823829323,0.1514670865048769,0.29438883132850324,-0.19029251939198374,-0.3522617614046566,0.34386960917355985,-0.24175326454536605,-0.07894606603621737,0.028946542000430377,-0.46189657867670686,-0.5692166320934045,-0.07756661849895734,0.1710419031379672,0.3942109568146912,0.23210738033988407,0.6124018831363018,0.021282698583782036,-0.2749225657783102,0.18168341174560704,0.34225671425854154,0.318981173846802,0.2549990629346275,0.7103703425371294,0.42651894906372145,-0.23645128711342292,0.6145990476602897,-0.1642997953436051,-0.07003953809308998,-0.49014828299466456,0.37251094610803853,0.01302350446075296,-0.15700590651079877,0.07943285676790239,-0.15026904425794102,0.18045770975706832,-0.25169990349901683,-0.06795188603411512,-0.22901334210422705,0.3068403545513436,0.3157591430180791,-0.38497003182591394,-0.09933601348961481,0.04287113077412118,-0.5470598451356921,0.30335680560403133,0.3449972052649099,-0.04103504660249725,-0.33085548798891184,0.5517377609758741,-0.15258573115041832,-0.13434124774810363,-0.00045155144080446987,0.19178468693711542,-0.08628825348444559,0.39745241473137277
28,0.351861229179026,0.2484787283460048,1.1953779448488817,0.81454705215023,1.3427836498778511,-0.9694815207094869,0.3208365242218733,0.07631748035375896,0.5879171003286998,0.2385488712796459,0.536062008947193,0.0036206178920394926,-0.7904275542094801,-0.5757602062882683,-0.3495229311571965,0.454651588585402,0.4941839821700137,-0.28238146294964844,-0.20041200123367733,0.06950578501339169,0.14017899914105,0.1640675438179691,0.2246097061025072,0.018333072513441188,0.14245341649701102,0.2240332910467742,0.09226136729060888,-0.33704404932554977,0.2424821379553297,0.2220449893128579,-0.12920519721945234,-0.04452581465098356,0.14879579237092924,0.08792358593360408,-0.007315531450301162,0.0585468204949083,0.01112982420186616,0.018385984866483383,-0.0017275236382539702,0.2160443347509537,0.0003754141481281742,-0.028938208748355614,-0.011132726316650094,0.07273817188375514,-0.07880141716309128,-0.051828753277000296,-0.1951377832179719,0.06446343307621145,-0.1516825327544878,-0.11181380392591267,0.23818771949796239,0.08054922058320352,-0.20490680243015927,0.03526984859687932,-0.1613355169194583,-0.12192526581289428,0.1165225921297804,-0.10700118325575528,-0.15228281964452686,0.010715579022215106,0.061282159247080734,-0.06946984671323342,0.0008975026422546894,0.036657014690022895,0.15090428736902955,-0.01579342277577198,0.04746228899364618,0.0390178860119004,-0.10408813335867162,-0.1981374270638154,0.059894622072846355,0.022025891191691505,0.0319349233559597,0.14686420129803993,0.11363061015525636,0.03205327094534172,-0.06925251378574881,-0.022671487027785868,-0.06497979049224721,-0.01955204356306556,-0.06188795108827152,-0.16659686962780884,-0.0903662161622956,-0.155577539696146,-0.006271810500876443,0.005686046632074175,0.08699747455226689,-0.11048675490457095,0.016066905684320103,-0.000549990446024416,-0.14885098110852102,-0.0516570918701105,-0.052693641101989104,-0.07928299298697727,0.11459306365728686,0.07854319748413316,-0.028768859706380327,-0.11609296287172971,-0.06565855357217741,-0.0865862095873625
29,0.7783801088666509,-1.8391025640063767,-0.09531911638630103,-0.3550212410087231,-1.1865666322221167,1.101349409821378,0.14343797024190974,-0.35395459204681556,-0.7731891958968017,1.2343137432472835,0.5469649805077735,-0.9726719465767358,-0.5078201313184421,-1.2211552494431497,0.9023413310669443,-0.28415858898901974,0.3727981088294536,0.11251354167269516,-0.19573206203224433,0.7611215827363648,-0.06695414735663889,-0.13361949414356167,-0.4107204152266957,0.503336704291266,-0.7194256299647607,0.2637024503442754,0.5496434057971075,-0.6712495108519432,-0.1907742848145687,0.7077772864204624,0.1631996642784821,-0.19717008873115494,0.020248586173567482,-0.28824402751375067,0.6304748421943279,-0.26481739650913777,-0.1545184728062291,0.2510077723285735,0.12268775228568586,-0.28551075567441214,-0.20698450303228005,0.3811673430283414,-0.06647336230512774,0.10499690196913687,0.2916919004293177,-0.09007138244373739,-0.29239396271076146,0.10450656977377033,-0.16350973057545845,-0.09454091726963615,-0.12533919137271052,0.4455962534420591,-0.25305139146421163,-0.002890242908275818,0.014040140788637951,-0.024950343685844065,0.17826505845944704,-0.04746121188994764,0.31552974198545186,0.16654729273335211,0.05763391283528016,-0.04050228078557959,0.06883185885798457,-0.011247869506842013,0.5428068784138088,0.17906094294809458,-0.08506121368825005,0.025623773244455184,-0.06658881450483843,-0.0462526000156815,-0.07708289986559343,-0.0841554979405131,0.2310011366445425,-0.1635499086928828,-0.08441858421410693,0.10115211089663032,0.0448958399902858,0.042017304103886675,-0.016881067842753995,0.1931600641875936,-0.1871211738199036,-0.022890524116818953,0.03683993695148491,0.17521573086523487,-0.03895088418596304,-0.15304270634889866,0.30839141767781003,-0.2644385376075164,-0.09548637978588073,0.1909650089765014,-0.022008637899418246,-0.38197215576455507,0.2958855638853187,0.0421468074629932,0.08801098353664306,0.12164655287358103,0.10449451933827576,0.033650209275606836,0.013582829734747543,-0.11358780550164183
